date,D1,D2
2026-09-01,107.4,69.6
2026-09-02,96.7,59.4
2026-09-03,111.0,59.0
2026-09-04,112.5,57.7
2026-09-05,64.4,60.5
2026-09-06,69.6,62.5
2026-09-07,106.0,60.5
2026-09-08,102.5,57.6
2026-09-09,104.9,57.7
2026-09-10,98.2,63.6
2026-09-11,112.0,64.0
2026-09-12,86.2,60.2
2026-09-13,80.5,55.3
2026-09-14,114.0,61.9
2026-09-15,108.7,61.5
2026-09-16,98.1,61.9
2026-09-17,108.0,64.5
2026-09-18,97.3,61.9
2026-09-19,87.0,60.7
2026-09-20,79.6,58.3
2026-09-21,103.5,62.2
2026-09-22,99.6,63.5
2026-09-23,114.8,55.2
2026-09-24,103.8,59.7
2026-09-25,101.6,59.1
2026-09-26,77.2,55.4
2026-09-27,84.3,56.9
2026-09-28,107.9,67.0
2026-09-29,108.3,57.5
2026-09-30,108.4,64.9
