region,year,month,rain_mm
Kampala,2014,1,50.45
Kampala,2014,2,29.84
Kampala,2014,3,129.31
Kampala,2014,4,238.86
Kampala,2014,5,219.23
Kampala,2014,6,88.82
Kampala,2014,7,58.83
Kampala,2014,8,93.74
Kampala,2014,9,164.98
Kampala,2014,10,211.64
Kampala,2014,11,120.1
Kampala,2014,12,128.77
Kampala,2015,1,7.8
Kampala,2015,2,52.86
Kampala,2015,3,150.66
Kampala,2015,4,195.28
Kampala,2015,5,297.71
Kampala,2015,6,55.71
Kampala,2015,7,32.07
Kampala,2015,8,45.66
Kampala,2015,9,64.07
Kampala,2015,10,306.57
Kampala,2015,11,417.22
Kampala,2015,12,215.14
Kampala,2016,1,62.93
Kampala,2016,2,31.89
Kampala,2016,3,114.72
Kampala,2016,4,247.72
Kampala,2016,5,185.26
Kampala,2016,6,48.6
Kampala,2016,7,28.17
Kampala,2016,8,53.03
Kampala,2016,9,99.91
Kampala,2016,10,150.84
Kampala,2016,11,112.6
Kampala,2016,12,76.51
Kampala,2017,1,47.58
Kampala,2017,2,127.17
Kampala,2017,3,115.29
Kampala,2017,4,190.86
Kampala,2017,5,217.79
Kampala,2017,6,62.46
Kampala,2017,7,44.48
Kampala,2017,8,69.15
Kampala,2017,9,129.29
Kampala,2017,10,131.21
Kampala,2017,11,163.27
Kampala,2017,12,24.08
Kampala,2018,1,34.0
Kampala,2018,2,52.76
Kampala,2018,3,184.46
Kampala,2018,4,255.93
Kampala,2018,5,115.27
Kampala,2018,6,46.88
Kampala,2018,7,25.97
Kampala,2018,8,75.68
Kampala,2018,9,189.75
Kampala,2018,10,110.27
Kampala,2018,11,190.96
Kampala,2018,12,131.53
Kampala,2019,1,64.74
Kampala,2019,2,71.68
Kampala,2019,3,68.02
Kampala,2019,4,195.38
Kampala,2019,5,171.34
Kampala,2019,6,101.21
Kampala,2019,7,79.42
Kampala,2019,8,101.89
Kampala,2019,9,127.01
Kampala,2019,10,407.17
Kampala,2019,11,157.04
Kampala,2019,12,179.16
Kampala,2020,1,90.56
Kampala,2020,2,130.41
Kampala,2020,3,283.42
Kampala,2020,4,169.49
Kampala,2020,5,165.25
Kampala,2020,6,68.42
Kampala,2020,7,36.92
Kampala,2020,8,73.36
Kampala,2020,9,111.23
Kampala,2020,10,139.09
Kampala,2020,11,265.1
Kampala,2020,12,137.67
Kampala,2021,1,139.91
Kampala,2021,2,46.21
Kampala,2021,3,82.12
Kampala,2021,4,195.98
Kampala,2021,5,85.35
Kampala,2021,6,18.94
Kampala,2021,7,8.36
Kampala,2021,8,23.11
Kampala,2021,9,89.46
Kampala,2021,10,105.81
Kampala,2021,11,220.53
Kampala,2021,12,91.43
Kampala,2022,1,46.96
Kampala,2022,2,45.0
Kampala,2022,3,230.85
Kampala,2022,4,135.41
Kampala,2022,5,129.04
Kampala,2022,6,61.97
Kampala,2022,7,39.71
Kampala,2022,8,106.06
Kampala,2022,9,111.01
Kampala,2022,10,180.14
Kampala,2022,11,203.12
Kampala,2022,12,151.91
Kampala,2023,1,27.08
Kampala,2023,2,38.11
Kampala,2023,3,259.73
Kampala,2023,4,228.91
Kampala,2023,5,83.33
Kampala,2023,6,165.36
Kampala,2023,7,25.98
Kampala,2023,8,50.56
Kampala,2023,9,261.47
Kampala,2023,10,241.86
Kampala,2023,11,300.5
Kampala,2023,12,108.94
Gulu,2014,1,5.95
Gulu,2014,2,6.02
Gulu,2014,3,30.67
Gulu,2014,4,38.73
Gulu,2014,5,259.44
Gulu,2014,6,157.87
Gulu,2014,7,168.09
Gulu,2014,8,136.6
Gulu,2014,9,163.45
Gulu,2014,10,257.08
Gulu,2014,11,66.71
Gulu,2014,12,36.58
Gulu,2015,1,0.41
Gulu,2015,2,9.69
Gulu,2015,3,38.02
Gulu,2015,4,145.58
Gulu,2015,5,236.48
Gulu,2015,6,137.89
Gulu,2015,7,102.47
Gulu,2015,8,117.82
Gulu,2015,9,94.47
Gulu,2015,10,271.32
Gulu,2015,11,191.86
Gulu,2015,12,50.13
Gulu,2016,1,6.35
Gulu,2016,2,0.37
Gulu,2016,3,28.26
Gulu,2016,4,134.02
Gulu,2016,5,125.47
Gulu,2016,6,103.36
Gulu,2016,7,50.15
Gulu,2016,8,144.06
Gulu,2016,9,330.67
Gulu,2016,10,139.7
Gulu,2016,11,44.54
Gulu,2016,12,1.9
Gulu,2017,1,10.22
Gulu,2017,2,32.77
Gulu,2017,3,106.93
Gulu,2017,4,124.46
Gulu,2017,5,169.72
Gulu,2017,6,114.14
Gulu,2017,7,197.88
Gulu,2017,8,255.1
Gulu,2017,9,153.11
Gulu,2017,10,197.6
Gulu,2017,11,109.31
Gulu,2017,12,0.3
Gulu,2018,1,0.15
Gulu,2018,2,7.69
Gulu,2018,3,84.43
Gulu,2018,4,348.98
Gulu,2018,5,194.73
Gulu,2018,6,92.75
Gulu,2018,7,17.89
Gulu,2018,8,90.06
Gulu,2018,9,167.56
Gulu,2018,10,79.28
Gulu,2018,11,36.18
Gulu,2018,12,24.25
Gulu,2019,1,3.17
Gulu,2019,2,14.92
Gulu,2019,3,8.15
Gulu,2019,4,88.66
Gulu,2019,5,111.7
Gulu,2019,6,214.17
Gulu,2019,7,158.56
Gulu,2019,8,236.63
Gulu,2019,9,214.45
Gulu,2019,10,287.43
Gulu,2019,11,64.05
Gulu,2019,12,130.35
Gulu,2020,1,22.23
Gulu,2020,2,26.88
Gulu,2020,3,170.92
Gulu,2020,4,211.69
Gulu,2020,5,175.53
Gulu,2020,6,129.9
Gulu,2020,7,229.04
Gulu,2020,8,214.58
Gulu,2020,9,236.74
Gulu,2020,10,396.35
Gulu,2020,11,80.44
Gulu,2020,12,233.99
Gulu,2021,1,154.22
Gulu,2021,2,1.79
Gulu,2021,3,3.96
Gulu,2021,4,82.56
Gulu,2021,5,283.81
Gulu,2021,6,64.14
Gulu,2021,7,63.5
Gulu,2021,8,49.66
Gulu,2021,9,141.85
Gulu,2021,10,131.26
Gulu,2021,11,79.05
Gulu,2021,12,95.43
Gulu,2022,1,83.62
Gulu,2022,2,3.16
Gulu,2022,3,53.85
Gulu,2022,4,69.16
Gulu,2022,5,95.4
Gulu,2022,6,84.84
Gulu,2022,7,135.0
Gulu,2022,8,191.28
Gulu,2022,9,267.45
Gulu,2022,10,172.58
Gulu,2022,11,81.0
Gulu,2022,12,39.56
Gulu,2023,1,1.44
Gulu,2023,2,2.24
Gulu,2023,3,252.94
Gulu,2023,4,183.83
Gulu,2023,5,113.07
Gulu,2023,6,155.09
Gulu,2023,7,112.78
Gulu,2023,8,82.79
Gulu,2023,9,193.57
Gulu,2023,10,242.79
Gulu,2023,11,256.46
Gulu,2023,12,24.26
Mbarara,2014,1,42.25
Mbarara,2014,2,52.28
Mbarara,2014,3,126.59
Mbarara,2014,4,109.61
Mbarara,2014,5,133.55
Mbarara,2014,6,53.87
Mbarara,2014,7,38.52
Mbarara,2014,8,61.82
Mbarara,2014,9,120.45
Mbarara,2014,10,120.84
Mbarara,2014,11,114.26
Mbarara,2014,12,135.61
Mbarara,2015,1,26.73
Mbarara,2015,2,44.03
Mbarara,2015,3,118.01
Mbarara,2015,4,97.72
Mbarara,2015,5,130.43
Mbarara,2015,6,56.92
Mbarara,2015,7,22.05
Mbarara,2015,8,48.98
Mbarara,2015,9,82.16
Mbarara,2015,10,178.54
Mbarara,2015,11,221.63
Mbarara,2015,12,92.36
Mbarara,2016,1,40.34
Mbarara,2016,2,24.89
Mbarara,2016,3,85.72
Mbarara,2016,4,243.95
Mbarara,2016,5,79.64
Mbarara,2016,6,18.14
Mbarara,2016,7,28.51
Mbarara,2016,8,44.03
Mbarara,2016,9,100.13
Mbarara,2016,10,97.61
Mbarara,2016,11,80.28
Mbarara,2016,12,36.38
Mbarara,2017,1,28.15
Mbarara,2017,2,93.38
Mbarara,2017,3,174.73
Mbarara,2017,4,118.57
Mbarara,2017,5,137.91
Mbarara,2017,6,13.25
Mbarara,2017,7,44.25
Mbarara,2017,8,59.32
Mbarara,2017,9,130.99
Mbarara,2017,10,149.87
Mbarara,2017,11,140.03
Mbarara,2017,12,37.91
Mbarara,2018,1,50.68
Mbarara,2018,2,51.17
Mbarara,2018,3,170.1
Mbarara,2018,4,233.64
Mbarara,2018,5,108.32
Mbarara,2018,6,70.28
Mbarara,2018,7,14.28
Mbarara,2018,8,84.24
Mbarara,2018,9,109.11
Mbarara,2018,10,93.3
Mbarara,2018,11,85.88
Mbarara,2018,12,74.43
Mbarara,2019,1,41.22
Mbarara,2019,2,66.87
Mbarara,2019,3,72.74
Mbarara,2019,4,136.55
Mbarara,2019,5,199.16
Mbarara,2019,6,77.42
Mbarara,2019,7,67.94
Mbarara,2019,8,106.32
Mbarara,2019,9,100.11
Mbarara,2019,10,299.59
Mbarara,2019,11,142.78
Mbarara,2019,12,182.87
Mbarara,2020,1,76.66
Mbarara,2020,2,111.02
Mbarara,2020,3,285.35
Mbarara,2020,4,220.01
Mbarara,2020,5,124.98
Mbarara,2020,6,70.67
Mbarara,2020,7,129.03
Mbarara,2020,8,67.11
Mbarara,2020,9,106.35
Mbarara,2020,10,205.19
Mbarara,2020,11,169.81
Mbarara,2020,12,89.99
Mbarara,2021,1,222.41
Mbarara,2021,2,81.54
Mbarara,2021,3,128.17
Mbarara,2021,4,122.38
Mbarara,2021,5,111.74
Mbarara,2021,6,53.09
Mbarara,2021,7,22.67
Mbarara,2021,8,108.6
Mbarara,2021,9,179.36
Mbarara,2021,10,139.92
Mbarara,2021,11,169.32
Mbarara,2021,12,113.57
Mbarara,2022,1,55.07
Mbarara,2022,2,89.77
Mbarara,2022,3,117.46
Mbarara,2022,4,208.21
Mbarara,2022,5,110.96
Mbarara,2022,6,44.36
Mbarara,2022,7,21.02
Mbarara,2022,8,511.95
Mbarara,2022,9,252.33
Mbarara,2022,10,212.52
Mbarara,2022,11,194.99
Mbarara,2022,12,85.55
Mbarara,2023,1,38.03
Mbarara,2023,2,24.45
Mbarara,2023,3,169.43
Mbarara,2023,4,198.35
Mbarara,2023,5,86.9
Mbarara,2023,6,54.99
Mbarara,2023,7,5.06
Mbarara,2023,8,20.04
Mbarara,2023,9,261.67
Mbarara,2023,10,107.43
Mbarara,2023,11,143.59
Mbarara,2023,12,138.23
